{
  "train_loss": [
    0.7545702298655781,
    0.7458392304234109,
    0.7015140788654053,
    0.6808579626562293,
    0.6734791729908323,
    0.6675353768611059,
    0.6416284394446419,
    0.6391132669157337,
    0.626461161211068,
    0.6131483974285,
    0.6210653230743116,
    0.605143558705738,
    0.6049286360043105,
    0.6090241315323193,
    0.6044462849609716,
    0.5973969277596369,
    0.5888907844322737,
    0.602149704723379,
    0.5919776026598751
  ],
  "train_acc": [
    80.6111984685855,
    81.00088876734806,
    83.0108703083339,
    84.1867778765297,
    84.51493812811923,
    84.64483489437342,
    86.29247282422916,
    86.4428796062077,
    86.85307992069461,
    87.23593354754905,
    86.89409995214329,
    87.65980720585219,
    87.54358378341423,
    87.1675668284679,
    87.55725712723046,
    88.05633417652287,
    88.30245436521501,
    88.22041430231764,
    88.16572092705272
  ],
  "val_loss": [
    0.9408413112717148,
    0.9402147937485308,
    0.9489037675016067,
    0.9860475496057386,
    0.9777355877792134,
    0.9340509159646168,
    0.9449448709148371,
    0.9825958980495346,
    0.9513619759872601,
    0.958703415220367,
    0.938495208973486,
    0.9804878702658248,
    0.9803872520894089,
    0.9481258357272428,
    0.9554942616552761,
    0.9614359331389329,
    0.9574835093766912,
    0.9730106785016901,
    0.9322620060052665
  ],
  "val_acc": [
    75.20116335433835,
    75.550169655841,
    75.39505574406205,
    74.39650993698497,
    75.26902569074164,
    76.15123606398448,
    76.24818225884634,
    75.550169655841,
    75.79253514299563,
    76.37421231216675,
    76.48085312651479,
    76.05428986912264,
    75.87009209888512,
    75.92825981580224,
    76.16093068347067,
    76.32573921473582,
    76.22879301987398,
    76.335433834222,
    76.46146388754241
  ],
  "val_f1": [
    0.7180178642574052,
    0.7236583578662261,
    0.7242868008580001,
    0.7092559571369959,
    0.7209556546879965,
    0.7318166957046346,
    0.7316214234170967,
    0.7248054914027038,
    0.7300999421413252,
    0.7316743662186769,
    0.7351601634175755,
    0.7287272385025112,
    0.7277864481316287,
    0.7291869585543296,
    0.7306140996734743,
    0.7324031811045217,
    0.7314901584859581,
    0.7337730433711533,
    0.7357947656101869
  ],
  "val_precision": [
    0.7374011136759682,
    0.7310687722546498,
    0.734133342448817,
    0.7345944993047341,
    0.7323834586363183,
    0.7406169202682905,
    0.7390775715299371,
    0.7316928262706499,
    0.7371790741426936,
    0.7402243526173631,
    0.7403584208035434,
    0.7405122839229736,
    0.734572697472089,
    0.732983764577496,
    0.7396144671929005,
    0.7427113442327073,
    0.7406969318488804,
    0.7369502528458336,
    0.737117537342384
  ],
  "val_recall": [
    0.7189495741697851,
    0.7226095100316252,
    0.7273269934428882,
    0.7086806200107812,
    0.7246443847017527,
    0.7355013923279271,
    0.7343804390401817,
    0.729151100714855,
    0.7344064447511313,
    0.7310832540888431,
    0.7378670986487479,
    0.7285508496595723,
    0.7313300440112496,
    0.7327333524427218,
    0.7317813903716998,
    0.733723003671213,
    0.7323910470836299,
    0.7380690846035735,
    0.7403169921961648
  ]
}