{
  "train_loss": [
    1.7143136754868522,
    1.1386640109713115,
    1.0123894271396456,
    0.9642860075784108,
    0.9129830324460589,
    0.8659126995101808,
    0.8599708401967608,
    0.8361773471983652,
    0.7782787623859587,
    0.7529667142837767,
    0.7336302077959455,
    0.7200424377880399,
    0.6794747227714175,
    0.6515921401599097,
    0.6317439438804747,
    0.6262835855521853,
    0.5859242635113853,
    0.5697786543104384,
    0.5656409698819357,
    0.5391496557091909,
    0.5169253590561095,
    0.5103477036196088,
    0.4999007842843495,
    0.4952221375609201,
    0.47209000019800096
  ],
  "train_acc": [
    41.84877079711944,
    56.611621554507074,
    62.0623292773777,
    64.45865408492675,
    66.27141792897939,
    68.38837844549292,
    68.04693320089396,
    69.2885522721629,
    71.51725850509064,
    72.42364042711696,
    73.01961758132605,
    73.6093866401788,
    74.92550285572386,
    76.48994288552272,
    76.72585050906382,
    76.65756146014402,
    78.31512292028806,
    78.99180531412962,
    79.24012912838342,
    79.6684877079712,
    81.21430345170101,
    81.34467345418426,
    81.92823441768066,
    81.99031537124411,
    82.89669729327042
  ],
  "val_loss": [
    1.6448786744945927,
    1.3692087413449037,
    2.044450952818519,
    1.348746350721309,
    1.6540297670453263,
    1.4725772214301847,
    1.5255315055449803,
    1.5613674885805762,
    1.8076761769490284,
    1.5397664806560467,
    1.7471851221563524,
    1.58778139769116,
    1.7442212839725248,
    1.658810847161109,
    1.7033866646683269,
    1.5852889664340437,
    1.7098821352579092,
    1.800210465799625,
    1.5013272197623002,
    1.714671518849699,
    1.749765133256452,
    1.6889685268203418,
    1.9112703849218393,
    1.9256269198499227,
    1.9159699701949169
  ],
  "val_acc": [
    51.26739220278275,
    59.80162556826009,
    59.2436974789916,
    59.91872158699545,
    60.80038572806172,
    66.75850668136107,
    67.73660283785645,
    64.19617027138725,
    67.86747485879597,
    68.10855489736879,
    67.1993387518942,
    68.52183496349359,
    69.09353905496624,
    69.72034715525554,
    68.8662350185976,
    70.82242733158837,
    71.18749138999863,
    69.75478716076594,
    70.52624328419893,
    70.44358727097396,
    70.80176332828214,
    71.1254993800799,
    70.4986912797906,
    70.09229921476788,
    70.75354732056758
  ],
  "val_f1": [
    0.4126614634324703,
    0.5310063908491535,
    0.5180295979129068,
    0.5440595968709383,
    0.5544813724714823,
    0.6274207709553388,
    0.6425526805148883,
    0.5778902480401273,
    0.6361284940337806,
    0.6368945875563572,
    0.631805043118083,
    0.6471945045163301,
    0.657521678270947,
    0.6604122476634597,
    0.6528947221578134,
    0.6684708145186813,
    0.6789039450697005,
    0.6634982548997655,
    0.6698497559734633,
    0.6650144845695607,
    0.673299507931568,
    0.6750957877816111,
    0.668467277275918,
    0.662163941684595,
    0.671518008784252
  ],
  "val_precision": [
    0.5662944875207471,
    0.6085374215687884,
    0.6334461390466745,
    0.6577408450627967,
    0.6582009735817302,
    0.6443933722915165,
    0.6610379063653742,
    0.6909950418338197,
    0.6688525277082721,
    0.6684150446467608,
    0.6663812867861908,
    0.6726824686173316,
    0.6835732108447805,
    0.6846014749786663,
    0.6851494657447352,
    0.6879641547841647,
    0.6918177350288182,
    0.6881605408666607,
    0.6891732307995215,
    0.6893910728107956,
    0.6927812736922263,
    0.6934973993170868,
    0.6882670305211156,
    0.6859294752738636,
    0.6860644110954686
  ],
  "val_recall": [
    0.44195978965712746,
    0.549639021254484,
    0.5379652191636923,
    0.553762051806233,
    0.5662176679920466,
    0.6255597920487065,
    0.643927773248515,
    0.5842906569185455,
    0.6450880225190052,
    0.6480926546411552,
    0.6442850808722094,
    0.6583239303761436,
    0.6578686760942272,
    0.6651034461670413,
    0.6581400077750472,
    0.6719167535438915,
    0.6813017277654665,
    0.6687780848081986,
    0.6725721360756884,
    0.6682014053432399,
    0.6737548654597709,
    0.677819922003272,
    0.6722960007501129,
    0.6682185080689798,
    0.6757329927423252
  ]
}