{
  "train_loss": [
    1.3508560988638136,
    1.2690851895345583,
    1.2176143342540378,
    1.1770481293400128,
    1.13998329497519,
    1.1171321171143698,
    1.106899647249116,
    1.0656013845924348,
    1.007797592334331,
    0.9778434016874858,
    0.9554732748203807,
    0.9442761120578599,
    0.9315822366920729,
    0.917870111526951,
    0.8904142237844921,
    0.8815750663006117,
    0.861228265223049,
    0.8530241668460861,
    0.8014845421153401,
    0.7836608332064416,
    0.7783957334264876,
    0.7566559659464965
  ],
  "train_acc": [
    57.80357586292526,
    61.14353116463869,
    63.130121678668985,
    64.95530171343432,
    66.246585547554,
    67.33300223491433,
    67.97243605661782,
    69.60516513533648,
    71.42413707474547,
    72.9016637695555,
    74.1246585547554,
    74.53439284827415,
    74.87583809287311,
    75.3476533399553,
    76.67618574621306,
    76.65756146014402,
    77.78122671964242,
    77.99851005711447,
    79.9602681897194,
    81.15222249813758,
    81.10876583064316,
    82.33176061584307
  ],
  "val_loss": [
    1.88253876737561,
    1.4611386709276275,
    1.5219002813757254,
    1.278920699255582,
    1.4082551802044923,
    1.3044063926136966,
    1.304085684111465,
    1.4881423216821863,
    1.2454402052883535,
    1.191357842888601,
    1.1471655024174552,
    1.1610950857794757,
    1.1893132566617974,
    1.1217663441723138,
    1.2178065302876124,
    1.285106330387918,
    1.2010582797065181,
    1.1784490886501278,
    1.2266024827694577,
    1.2373087045773536,
    1.2783319980299945,
    1.2713246285127648
  ],
  "val_acc": [
    63.12853010056482,
    66.54497864719659,
    66.81361069017771,
    68.36341093814575,
    66.49676263948203,
    67.12357073977132,
    68.48050695688111,
    66.00082656013225,
    69.93387518942004,
    69.32773109243698,
    69.63769114203058,
    70.02341920374707,
    70.27827524452404,
    70.37470725995315,
    68.8317950130872,
    69.30706708913074,
    69.43793911007026,
    69.72723515635762,
    69.71345915415347,
    69.96831519493043,
    70.03719520595124,
    70.2576112412178
  ],
  "val_f1": [
    0.5873994419250193,
    0.6268140493458377,
    0.6283837213808002,
    0.6476310830176659,
    0.6314265335927589,
    0.627267340142849,
    0.6513559714710849,
    0.6381446233539261,
    0.6661365953802517,
    0.6572627616038011,
    0.663858694285546,
    0.6657251012028913,
    0.6681437704015034,
    0.6730682996521069,
    0.6558927087875113,
    0.656086226457668,
    0.6595719655628312,
    0.6630395832167755,
    0.663390267462464,
    0.6643298670682365,
    0.6667818986867716,
    0.6680762525942042
  ],
  "val_precision": [
    0.6121784096841989,
    0.6325274129552186,
    0.6487009135058659,
    0.652877864968193,
    0.6440713081412724,
    0.6625600890334967,
    0.6668937661354934,
    0.659885662893527,
    0.6721284427501016,
    0.6732882757254988,
    0.6739566717280246,
    0.6744049424037588,
    0.6793667920840186,
    0.6805248872809642,
    0.670848911530139,
    0.6695071877735581,
    0.6681169026889743,
    0.6702114609631372,
    0.6736727430940388,
    0.6791201721860785,
    0.6799994159160921,
    0.678279791907179
  ],
  "val_recall": [
    0.5899695758874695,
    0.6309903785164139,
    0.6254561527943,
    0.6517680156932436,
    0.629773323020276,
    0.6256183572467254,
    0.6547869810537261,
    0.636770802802797,
    0.6680574327241602,
    0.6603841624410458,
    0.662929240549976,
    0.6679768547644229,
    0.6710684893177821,
    0.6727639284040989,
    0.6547813191821362,
    0.6631297233641003,
    0.6647424445561697,
    0.6649194737924251,
    0.6661655836006822,
    0.6692097727200381,
    0.6714321146243231,
    0.6691676512115756
  ]
}