{
  "train_loss": [
    1.3577578491889513,
    0.8142693432477804,
    0.7125684137527759,
    0.6682424476513495,
    0.6613119983902345,
    0.6168930415923779,
    0.5669039625387925,
    0.5697609186172485,
    0.5743838164668816,
    0.5527631783714662,
    0.5291555850551679,
    0.5170160996226164,
    0.510959111727201,
    0.5252841625076073,
    0.45287514420656055,
    0.47156188579706043,
    0.4270857280263534,
    0.4126433879137039,
    0.40544487822514313,
    0.36795680912641376
  ],
  "train_acc": [
    53.57361026267563,
    69.46395846059866,
    73.45754428833231,
    75.64905314599878,
    75.68723274282223,
    77.16860109957238,
    79.16157605375687,
    79.12339645693342,
    78.71105681124007,
    79.87935247403787,
    80.46731826511912,
    81.00946854001222,
    81.07819181429444,
    80.5742211362248,
    83.68967623701894,
    82.68937080024435,
    84.38454489920586,
    84.74343310934637,
    85.42302993280391,
    86.82803909590714
  ],
  "val_loss": [
    2.2484270388429817,
    2.291641287166964,
    1.7331110272895207,
    2.245883786373518,
    1.7740804226222364,
    1.6677545307373458,
    2.035730813375928,
    1.8382456895302643,
    1.9009336778386072,
    1.3549132817848162,
    1.6045035557313398,
    1.5432459485971115,
    1.5979763826524669,
    1.5372612960213288,
    1.3320417893542484,
    1.5239117817783898,
    2.3100707832808522,
    2.2294781106439503,
    1.8970276001332835,
    1.6321236797693102
  ],
  "val_acc": [
    65.3107040229885,
    67.1246408045977,
    72.44971264367815,
    73.53627873563218,
    70.64475574712644,
    76.34698275862068,
    72.46767241379311,
    75.2514367816092,
    72.88074712643679,
    78.53807471264368,
    76.78699712643679,
    75.09877873563218,
    76.10452586206897,
    77.20905172413794,
    78.76257183908046,
    79.57974137931035,
    75.36817528735632,
    76.8767959770115,
    78.5021551724138,
    80.46875
  ]
}