{
  "train_loss": [
    2.1051465310747663,
    1.5260154954970828,
    1.4029847042901176,
    1.331352740999252,
    1.2984913663258628,
    1.2811141373619201,
    1.2553668381675842,
    1.2243182280706981,
    1.2154111672961523,
    1.199451594125657,
    1.1851438965116228,
    1.1841062856098963,
    1.157223521717011,
    1.1552326679229736,
    1.1560820038356479,
    1.1341262185384358,
    1.1269266018791804,
    1.1148573444003151
  ],
  "train_acc": [
    35.578594487211326,
    52.70052148000993,
    58.86516016886019,
    62.875589769058855,
    63.868885026074004,
    65.16637695555004,
    66.2031288800596,
    67.74894462378943,
    68.14005463123914,
    68.80432083436801,
    69.53687608641668,
    69.2885522721629,
    70.58604420163894,
    70.55500372485722,
    70.62950086913335,
    71.82145517755153,
    71.59796374472312,
    72.33672709212813
  ],
  "val_loss": [
    1.5562546493714315,
    1.4272785385449727,
    1.3904628168072617,
    1.4456701080004375,
    1.508692881517243,
    1.2960371626050848,
    1.4569715585624963,
    1.2942371389322114,
    1.265561536738747,
    1.2419804920229995,
    1.4306905248708892,
    1.329013162537625,
    1.3806767714651007,
    1.233378687448669,
    1.3553709659660071,
    1.3668204995623805,
    1.2729246334025734,
    1.3155332176308883
  ],
  "val_acc": [
    50.72324011571842,
    62.57060201129632,
    61.1172337787574,
    60.51797768287643,
    58.52734536437526,
    63.34894613583138,
    63.74156219864995,
    66.93070670891308,
    66.68273866923819,
    68.3083069293291,
    61.4685218349635,
    66.0146025623364,
    62.91500206640033,
    67.48863479818156,
    63.75533820085411,
    64.27882628461221,
    67.64017082242734,
    66.24879459980714
  ],
  "val_f1": [
    0.46870491397251335,
    0.5834658459984443,
    0.5561668948762803,
    0.5542384905158757,
    0.5361609902998723,
    0.597133406343723,
    0.6006258793074056,
    0.6299847898116723,
    0.6238516939088505,
    0.6482296954599367,
    0.5647174441910251,
    0.6144608058946242,
    0.5840934413821807,
    0.646301669848311,
    0.6026128203767483,
    0.5879648225602109,
    0.6404458816665277,
    0.6265897823502277
  ],
  "val_precision": [
    0.4862281018037429,
    0.5942622759643212,
    0.6194764379624201,
    0.6183095183349809,
    0.6088870640742013,
    0.6457553109512739,
    0.6326143941512743,
    0.6513957206588792,
    0.653281142876088,
    0.6624113233156408,
    0.6269974915721195,
    0.6541632544289473,
    0.6487510849367091,
    0.6618729220910492,
    0.6424616106680141,
    0.6483179832756255,
    0.6611808971339238,
    0.6661283502723512
  ],
  "val_recall": [
    0.4829485461661231,
    0.5922689483801875,
    0.5650380380548201,
    0.5690088379527128,
    0.5393746742209984,
    0.590322909141332,
    0.6027882665126538,
    0.6322593267262718,
    0.6353891665822166,
    0.6545213246203936,
    0.5811368643521245,
    0.628911402849479,
    0.6081160586087113,
    0.6475889176283034,
    0.6051806193562166,
    0.5987636726713701,
    0.6414934570074223,
    0.6306703910516169
  ]
}